,name,points
0,0000.jpg,"[(898.2, 1115.8666666666666), (2064.25, 200.5), (2383.75, 1556.25), (919.8461538461538, 1739.923076923077), (713.8076923076923, 369.7307692307692), (808.6, 1025.1333333333334), (2476.923076923077, 306.9230769230769), (1077.3333333333333, 1335.25), (1242.5833333333333, 68.83333333333333), (2547.8, 471.5), (2359.625, 609.875), (644.6666666666666, 906.1333333333333), (866.7272727272727, 994.9090909090909), (563.1538461538462, 1396.6923076923076), (689.2307692307693, 951.6153846153846), (163.23076923076923, 1297.6153846153845), (876.0, 1575.3333333333333), (570.875, 1743.875), (479.35714285714283, 1048.4285714285713), (661.125, 800.25), (62.5, 1126.7857142857142), (498.73333333333335, 1387.4666666666667), (955.0833333333334, 1515.4166666666667), (827.2666666666667, 1177.4666666666667), (893.6666666666666, 1345.6666666666667), (2754.0, 692.75), (909.6666666666666, 1442.4666666666667), (913.0909090909091, 1244.6363636363637), (63.07692307692308, 1281.2307692307693), (44.07142857142857, 1353.9285714285713), (319.38461538461536, 1110.4615384615386), (53.166666666666664, 1766.1666666666667), (893.2727272727273, 1642.0), (552.8181818181819, 545.4545454545455), (562.7, 636.4), (99.9090909090909, 1524.4545454545455), (508.5, 1582.1), (690.0, 1066.8), (681.0833333333334, 1201.0833333333333), (748.7272727272727, 931.7272727272727), (49.75, 1600.6666666666667), (87.63157894736842, 1554.3157894736842), (132.36363636363637, 1497.2727272727273), (129.06666666666666, 1545.1333333333334), (348.6842105263158, 1174.5263157894738), (295.04347826086956, 1062.5652173913043), (22.129032258064516, 930.6451612903226), (601.3888888888889, 1243.1666666666667), (699.5625, 1252.4375), (305.52941176470586, 1444.235294117647), (326.25, 1454.8125), (331.46666666666664, 1393.1333333333334), (297.27777777777777, 1448.0), (548.1304347826087, 454.60869565217394), (555.5714285714286, 396.6190476190476), (567.8235294117648, 364.2352941176471), (566.0833333333334, 862.8333333333334), (606.4090909090909, 827.9090909090909), (613.5, 759.0555555555555), (584.4444444444445, 1549.6666666666667), (739.8, 1467.6), (876.875, 1478.5), (765.5833333333334, 1466.3333333333333), (783.1578947368421, 1476.6315789473683), (967.9333333333333, 1586.0), (977.6, 1456.0), (932.2666666666667, 1229.0), (932.5714285714286, 1276.357142857143), (2132.5, 515.375), (488.25, 181.0), (488.57142857142856, 109.65714285714286), (276.7692307692308, 21.692307692307693), (379.7, 16.4), (562.7894736842105, 59.78947368421053), (9.666666666666666, 1361.3333333333333), (4.0, 1532.3333333333333)]"
1,0003.jpg,"[(2501.5833333333335, 472.3333333333333), (1253.4666666666667, 491.2), (998.3333333333334, 277.0833333333333), (1206.5, 105.75), (2315.181818181818, 21.454545454545453), (1032.909090909091, 88.54545454545455), (1152.391304347826, 142.04347826086956), (1294.6666666666667, 4.666666666666667), (1190.5384615384614, 30.692307692307693)]"
2,0006.jpg,"[(17.555555555555557, 429.77777777777777), (51.72727272727273, 503.0), (114.36363636363636, 493.72727272727275), (115.06666666666666, 558.2666666666667), (76.0909090909091, 629.0909090909091), (81.66666666666667, 663.5833333333334), (10.666666666666666, 712.0), (18.6, 754.2), (91.23076923076923, 788.0769230769231), (37.57142857142857, 866.0), (100.66666666666667, 844.3333333333334), (5.333333333333333, 855.6666666666666), (4.142857142857143, 915.1428571428571), (6.142857142857143, 960.0), (109.15789473684211, 965.578947368421), (160.92307692307693, 884.7692307692307), (58.714285714285715, 1087.7142857142858), (17.857142857142858, 1214.5714285714287), (121.75, 1008.375), (152.7, 1039.4), (122.91666666666667, 1068.1666666666667), (185.88888888888889, 978.3333333333334), (207.625, 1197.375), (308.9230769230769, 1136.2307692307693), (249.5, 1073.1), (222.05882352941177, 978.2352941176471), (220.71428571428572, 886.1428571428571), (160.5, 821.625), (165.0, 758.0), (182.27272727272728, 650.0), (211.30769230769232, 485.0), (224.0, 792.7777777777778), (253.5, 824.0), (290.15, 741.9), (322.5263157894737, 797.2631578947369), (358.6923076923077, 638.7692307692307), (308.7692307692308, 920.5384615384615), (312.2857142857143, 951.5714285714286), (341.2, 1013.1), (369.8, 1107.6), (332.4, 1235.2), (398.42857142857144, 1205.857142857143), (430.9, 1174.4), (461.0, 1175.875), (492.0, 1206.7142857142858), (521.1666666666666, 1207.6666666666667), (431.3333333333333, 1050.888888888889), (371.42857142857144, 866.5714285714286), (351.85714285714283, 731.1428571428571), (424.6666666666667, 641.8888888888889), (413.875, 703.9375), (378.1, 927.6), (401.9375, 821.25), (436.57142857142856, 783.7857142857143), (427.93333333333334, 1201.8), (459.35714285714283, 1238.357142857143), (492.73333333333335, 1146.0), (481.44827586206895, 1058.3103448275863), (555.9090909090909, 1084.090909090909), (554.75, 1144.75), (588.1818181818181, 1116.3636363636363), (618.8888888888889, 1150.6666666666667), (649.875, 1056.0), (557.1818181818181, 1023.0), (522.6842105263158, 983.421052631579), (464.35714285714283, 987.7142857142857), (425.8181818181818, 854.6818181818181), (473.3333333333333, 882.8666666666667), (468.75, 800.75), (502.90909090909093, 829.3636363636364), (528.4285714285714, 835.1428571428571), (534.875, 813.25), (427.8333333333333, 930.0), (520.25, 916.75), (585.5294117647059, 1204.5882352941176), (709.8, 1182.9), (708.6666666666666, 1214.111111111111), (743.4444444444445, 1088.2222222222222), (683.25, 1028.0833333333333), (745.8888888888889, 1028.7777777777778), (621.1818181818181, 967.2727272727273), (629.3846153846154, 930.9230769230769), (614.8333333333334, 911.4166666666666), (623.75, 863.2), (587.3333333333334, 551.0), (556.6363636363636, 466.8181818181818), (648.8181818181819, 603.9090909090909), (638.7333333333333, 649.4666666666667), (655.1538461538462, 547.8461538461538), (712.4117647058823, 550.4705882352941), (694.8571428571429, 654.8571428571429), (698.3333333333334, 639.4444444444445), (709.5, 633.375), (691.3333333333334, 841.5555555555555), (660.5, 812.5625), (632.9285714285714, 746.3571428571429), (684.8181818181819, 930.0909090909091), (716.8461538461538, 961.0), (749.9230769230769, 935.2307692307693), (802.125, 962.875), (809.8181818181819, 1013.5454545454545), (882.6, 1057.7), (776.125, 1061.0), (801.625, 1247.875), (864.5555555555555, 1250.5555555555557), (802.8666666666667, 1028.0666666666666), (926.8947368421053, 1187.8947368421052), (957.0, 1219.375), (693.6428571428571, 710.2857142857143), (758.8461538461538, 639.0769230769231), (909.3333333333334, 502.2857142857143), (919.7333333333333, 582.6666666666666), (721.8947368421053, 804.2631578947369), (749.4666666666667, 778.2), (725.1764705882352, 840.1176470588235), (782.875, 845.25), (976.875, 621.875), (934.0, 656.0909090909091), (926.1666666666666, 667.3333333333334), (875.8, 816.95), (881.7, 864.3), (960.6470588235294, 1040.8235294117646), (965.7777777777778, 943.5), (938.7647058823529, 860.5882352941177), (944.4761904761905, 817.6666666666666), (1001.578947368421, 882.578947368421), (987.5454545454545, 669.0), (975.2142857142857, 563.2857142857143), (1010.4285714285714, 492.2857142857143), (1068.1764705882354, 584.9411764705883), (1038.3809523809523, 637.9047619047619), (1060.7727272727273, 974.5454545454545), (1091.7, 958.8), (1101.7272727272727, 924.8181818181819), (1056.1176470588234, 917.8235294117648), (1068.076923076923, 757.9230769230769), (1158.6666666666667, 768.9444444444445), (1097.4782608695652, 646.1739130434783), (1114.125, 610.375), (1121.0, 604.0), (1120.0, 524.5), (1108.0, 442.88235294117646), (1148.0, 458.6363636363636), (1194.857142857143, 436.0), (1225.25, 372.8125), (1170.8, 535.1333333333333), (1153.0625, 797.0), (1142.7333333333333, 979.2), (1154.642857142857, 922.5), (1115.0, 1132.7142857142858), (1235.0, 1132.111111111111), (1237.7692307692307, 1102.8461538461538), (1175.9444444444443, 1226.9444444444443), (1295.3333333333333, 1168.0), (1185.8125, 893.6875), (1209.35, 994.35), (1273.3333333333333, 1015.9166666666666), (1244.4285714285713, 950.6428571428571), (1227.2777777777778, 579.6666666666666), (1245.4615384615386, 568.2307692307693), (1236.2727272727273, 525.9090909090909), (1264.2857142857142, 645.9285714285714), (1266.7333333333333, 715.4), (1268.55, 858.2), (1320.0625, 964.8125), (1316.6842105263158, 1035.8947368421052), (1329.25, 1062.875), (1389.75, 1019.0625), (1380.875, 1233.1875), (1440.5833333333333, 1232.25), (1502.6666666666667, 1140.6666666666667), (1499.3333333333333, 1229.5), (1527.4285714285713, 1228.857142857143), (1588.125, 1201.5), (1447.142857142857, 1080.0), (1125.8823529411766, 711.6470588235294), (1278.25, 429.0), (1257.8125, 505.0), (1312.076923076923, 619.6923076923077), (1344.642857142857, 428.14285714285717), (1353.7692307692307, 381.61538461538464), (1386.3, 422.9), (1317.1764705882354, 313.29411764705884), (1364.0, 536.6), (1314.611111111111, 695.6111111111111), (1333.3333333333333, 684.2777777777778), (1382.8, 667.0), (1359.25, 783.6875), (1383.2857142857142, 770.0714285714286), (1420.625, 775.25), (1426.3076923076924, 786.2307692307693), (1426.375, 763.1875), (1428.4285714285713, 754.0), (1463.857142857143, 789.0), (1531.0833333333333, 569.8333333333334), (1463.625, 685.375), (1486.4166666666667, 711.5), (1473.5555555555557, 919.4444444444445), (1507.5454545454545, 942.4545454545455), (1518.5, 959.1666666666666), (1590.25, 1065.25), (1610.857142857143, 1076.4285714285713), (1714.4285714285713, 1134.2857142857142), (1756.0, 1154.75), (1676.0, 1039.625), (1673.5555555555557, 1025.2222222222222), (1648.0, 993.2857142857143), (1595.7, 1015.4), (1561.142857142857, 1024.5714285714287), (1548.2941176470588, 921.8235294117648), (1412.2941176470588, 818.4705882352941), (1495.75, 810.9166666666666), (1504.6, 772.1), (1537.2, 837.8666666666667), (1597.4, 864.2), (1555.3333333333333, 891.7777777777778), (1597.25, 667.0833333333334), (1659.0, 521.75), (1684.8333333333333, 568.4166666666666), (1734.2222222222222, 391.22222222222223), (1872.7083333333333, 441.625), (1658.1, 705.1), (1588.0625, 832.75), (1624.6, 971.2), (1658.357142857143, 1122.5), (1686.875, 1124.875), (1742.909090909091, 1113.7272727272727), (1804.1764705882354, 1151.764705882353), (1730.0, 1281.0), (1704.6666666666667, 1208.3333333333333), (1799.0, 1317.888888888889), (1909.2857142857142, 1336.2857142857142), (1926.0, 1383.142857142857), (2008.3, 1225.2), (1906.2857142857142, 1151.642857142857), (1611.1333333333334, 921.4666666666667), (1686.2, 918.6), (1698.142857142857, 886.7142857142857), (1663.5, 822.3333333333334), (1675.75, 784.3333333333334), (1647.357142857143, 744.1428571428571), (1781.4285714285713, 968.8571428571429), (1769.2, 950.1), (1740.9285714285713, 889.6428571428571), (1833.5833333333333, 892.1666666666666), (1863.9333333333334, 1121.9333333333334), (1902.6666666666667, 1052.0833333333333), (1994.7777777777778, 1377.3333333333333), (1826.875, 752.625), (1860.6666666666667, 745.8888888888889), (1900.375, 733.5), (1858.75, 645.875), (1857.6, 363.36), (1918.7857142857142, 264.0357142857143), (1937.7894736842106, 681.578947368421), (2035.4285714285713, 1446.142857142857), (2104.1428571428573, 1485.0), (2108.7, 1384.2), (2138.0, 1346.4545454545455), (1985.5238095238096, 1146.952380952381), (2022.1666666666667, 1115.0833333333333), (2069.8888888888887, 1120.7777777777778), (1940.142857142857, 1060.4285714285713), (1904.4, 943.2), (1932.7272727272727, 785.5454545454545), (1918.4545454545455, 794.4545454545455), (1982.3529411764705, 836.7647058823529), (2002.0, 884.6), (2038.375, 337.5), (1963.6666666666667, 491.53333333333336), (1946.2142857142858, 354.85714285714283), (1947.7407407407406, 388.81481481481484), (2035.3142857142857, 486.51428571428573), (2001.6666666666667, 611.7142857142857), (2030.7857142857142, 769.6071428571429), (1933.2, 841.8), (1997.5263157894738, 933.0526315789474), (2230.28, 1357.44), (2131.285714285714, 1170.9285714285713), (2131.9444444444443, 1087.111111111111), (2053.842105263158, 873.2631578947369), (1956.75, 240.65), (2035.7857142857142, 228.53571428571428), (2132.5714285714284, 293.14285714285717), (2693.6666666666665, 1727.0), (2686.1111111111113, 1641.5555555555557), (2587.0526315789475, 1657.5263157894738), (2369.764705882353, 1237.2941176470588), (2454.086956521739, 1112.391304347826), (2400.242424242424, 996.7575757575758), (2301.0, 934.0), (2181.4736842105262, 735.6315789473684), (2088.8695652173915, 432.5652173913044), (2239.25, 365.75), (2248.5263157894738, 492.42105263157896), (2210.6, 577.55), (2200.294117647059, 978.0), (2534.1052631578946, 1500.7368421052631), (2668.88, 1434.84), (2627.3888888888887, 1158.388888888889), (2537.230769230769, 1061.6923076923076), (2548.2380952380954, 669.4047619047619), (2332.3846153846152, 775.9230769230769), (2381.5, 528.9285714285714), (2556.470588235294, 373.5882352941176), (2550.4285714285716, 198.85714285714286), (2517.25, 36.75), (2325.0, 24.642857142857142), (1542.375, 738.125), (1748.6, 803.0), (1749.375, 1145.75), (1718.857142857143, 1130.857142857143), (1546.625, 984.625), (1648.8, 1087.6), (1582.2222222222222, 1036.4444444444443), (1479.0, 892.1666666666666), (1452.857142857143, 840.7142857142857), (1436.2857142857142, 802.1428571428571), (1446.3333333333333, 742.5833333333334), (1400.5, 669.9), (429.6363636363636, 878.0454545454545), (839.25, 1005.1666666666666), (837.5, 1054.2857142857142), (720.9090909090909, 632.9090909090909), (959.8, 647.6)]"
3,0074.jpg,"[(1337.5454545454545, 754.4090909090909), (1911.3125, 408.1875), (671.8333333333334, 1284.7777777777778), (2236.3125, 384.1875), (2128.5, 214.65384615384616), (2247.9333333333334, 286.4), (537.125, 1221.8125), (1984.6842105263158, 1390.9473684210527), (1412.1764705882354, 1772.9411764705883), (1715.2666666666667, 1439.0666666666666), (1449.2631578947369, 1542.7894736842106), (1585.5, 1111.857142857143), (2050.705882352941, 448.6470588235294), (941.6666666666666, 1446.0833333333333), (2097.153846153846, 1471.7692307692307), (1437.25, 827.0625), (1063.0, 828.6), (371.5, 1018.8333333333334), (1902.3333333333333, 1006.1333333333333), (491.4, 1141.0666666666666), (1657.0, 597.8), (581.1538461538462, 1123.076923076923), (1308.3333333333333, 1208.2777777777778), (1882.85, 1663.85), (1844.8666666666666, 525.4), (2065.5333333333333, 1106.6666666666667), (1408.1875, 1205.0625), (254.83333333333334, 1459.6666666666667), (2115.181818181818, 1814.4545454545455), (1481.2, 712.6), (51.07692307692308, 875.0), (429.7692307692308, 1620.0), (898.4285714285714, 1813.4285714285713), (946.7142857142857, 1296.7619047619048), (2595.2727272727275, 954.9090909090909), (392.90909090909093, 1483.6363636363637), (1176.2, 1260.1333333333334), (590.9333333333333, 896.6666666666666), (807.5555555555555, 1482.0555555555557), (1448.5294117647059, 1395.8235294117646), (997.7333333333333, 1217.8666666666666), (747.2, 1599.05), (1731.9285714285713, 1356.357142857143), (589.0769230769231, 992.7692307692307), (1497.9333333333334, 1302.4), (110.46666666666667, 1082.5333333333333), (934.2, 1368.2), (505.9230769230769, 1709.4615384615386), (2649.6923076923076, 1132.4615384615386), (1127.9333333333334, 1396.8), (1936.857142857143, 889.7142857142857), (1797.5294117647059, 1818.5294117647059), (963.1538461538462, 985.5384615384615), (2620.4545454545455, 1384.090909090909), (973.0, 919.0), (1414.7857142857142, 1267.7142857142858), (1595.4117647058824, 1437.0588235294117), (2360.25, 326.1666666666667), (2451.285714285714, 1025.5), (762.1428571428571, 793.4285714285714), (2046.4666666666667, 821.2), (1322.1052631578948, 1279.8947368421052), (1893.35, 1239.7), (2209.1, 1804.8), (811.8333333333334, 1263.5833333333333), (1126.357142857143, 1164.9285714285713), (1827.2142857142858, 1453.2857142857142), (1878.1818181818182, 1620.7272727272727), (1713.2142857142858, 1159.142857142857), (2246.3333333333335, 599.8333333333334), (1973.6153846153845, 1715.1538461538462), (855.5384615384615, 1537.5384615384614), (1869.5833333333333, 1381.25), (2014.857142857143, 965.0), (673.6666666666666, 1402.0833333333333), (231.83333333333334, 1213.0), (958.8666666666667, 1128.0), (327.0, 1342.7272727272727), (1772.3846153846155, 724.6153846153846), (1536.2857142857142, 932.0), (1991.4666666666667, 1505.0), (800.4615384615385, 1380.3846153846155), (856.1666666666666, 1628.0), (945.0769230769231, 1727.6923076923076), (1744.0833333333333, 593.1666666666666), (1982.8181818181818, 605.9090909090909), (517.5, 1392.0), (1673.357142857143, 732.5), (1922.5, 1481.25), (1036.25, 1536.9166666666667), (2637.9166666666665, 1190.5833333333333), (670.8333333333334, 1810.9166666666667), (1384.0833333333333, 966.8333333333334), (1090.8235294117646, 1256.2941176470588), (1082.0, 1775.5454545454545), (895.4, 859.5), (28.0, 1292.9), (1086.3846153846155, 1440.0), (2486.8333333333335, 1150.4166666666667), (152.85, 735.85), (194.88235294117646, 829.2352941176471), (283.27777777777777, 819.0555555555555), (276.95238095238096, 902.8571428571429), (216.28571428571428, 994.2142857142857), (223.41176470588235, 1043.2941176470588), (254.0, 1072.6153846153845), (148.2173913043478, 1162.1304347826087), (200.83333333333334, 1247.5833333333333), (242.52380952380952, 1293.2857142857142), (162.55555555555554, 1327.611111111111), (92.0, 1282.7), (113.63636363636364, 1826.5454545454545), (368.07142857142856, 1804.2857142857142), (77.6923076923077, 1775.0), (22.181818181818183, 1676.3636363636363), (175.33333333333334, 1642.1666666666667), (301.2352941176471, 1568.1764705882354), (265.9230769230769, 1523.1538461538462), (349.0, 1480.3076923076924), (31.357142857142858, 1383.642857142857), (113.92307692307692, 1394.4615384615386), (259.0, 1608.85), (114.05555555555556, 1460.0), (52.88235294117647, 1431.0588235294117), (627.4666666666667, 1814.3333333333333), (532.1333333333333, 1854.6), (670.1212121212121, 872.7878787878788), (852.375, 743.7916666666666), (668.65625, 994.375), (660.3863636363636, 1080.659090909091), (334.42857142857144, 1172.4285714285713), (326.5, 1259.142857142857), (445.4736842105263, 1259.5263157894738), (408.8333333333333, 1216.6666666666667), (398.93333333333334, 1347.0666666666666), (591.5769230769231, 1666.6538461538462), (553.8888888888889, 1526.7777777777778), (762.7692307692307, 1816.4615384615386), (713.25, 1858.5), (717.7692307692307, 1768.6153846153845), (676.1538461538462, 1765.1153846153845), (805.6818181818181, 1815.5454545454545), (852.3125, 1721.5625), (767.5, 1719.7142857142858), (682.258064516129, 1579.1935483870968), (900.2692307692307, 1678.0), (990.1481481481482, 1581.6296296296296), (726.3030303030303, 1484.7272727272727), (693.1363636363636, 793.8636363636364), (731.0555555555555, 1213.0), (518.5925925925926, 1436.111111111111), (606.5714285714286, 1400.357142857143), (731.2647058823529, 1332.2941176470588), (596.4666666666667, 1314.7333333333333), (775.2592592592592, 1250.7037037037037), (819.3571428571429, 1228.25), (638.7073170731708, 1242.6341463414635), (686.170731707317, 1190.6097560975609), (683.7575757575758, 1323.3030303030303), (1077.0833333333333, 1825.5), (1127.9565217391305, 1628.8695652173913), (1126.7692307692307, 1536.5), (1038.15, 1392.1), (954.1111111111111, 1395.5925925925926), (1040.4, 1261.44), (1082.3538461538462, 1204.6923076923076), (1042.2045454545455, 1065.9545454545455), (1132.5428571428572, 957.6857142857143), (1039.888888888889, 985.7037037037037), (1061.0740740740741, 955.9629629629629), (1045.9473684210527, 964.3684210526316), (1068.8461538461538, 958.6153846153846), (985.4651162790698, 832.0930232558139), (1363.9, 861.5), (1581.65625, 847.84375), (1455.6363636363637, 1824.8636363636363), (1334.344827586207, 1575.8620689655172), (1226.344827586207, 1546.3793103448277), (1223.0454545454545, 1513.9545454545455), (1208.1052631578948, 1434.6315789473683), (1301.9333333333334, 1499.3333333333333), (1463.6875, 981.375), (1448.2142857142858, 911.1428571428571), (1380.142857142857, 986.2857142857143), (1418.6153846153845, 962.7692307692307), (1640.8666666666666, 1404.8666666666666), (1589.0, 1355.7083333333333), (1653.5238095238096, 1353.5238095238096), (1692.1891891891892, 1678.7567567567567), (1774.1851851851852, 1298.6666666666667), (1665.1818181818182, 1034.4545454545455), (1720.923076923077, 1113.8076923076924), (1664.2, 867.5333333333333), (1652.2307692307693, 880.6923076923077), (1626.1538461538462, 940.3333333333334), (2014.25, 1548.1875), (2194.9375, 1563.1875), (2135.3055555555557, 1076.8055555555557), (1933.157894736842, 672.8421052631579), (1923.111111111111, 751.7777777777778), (1873.4473684210527, 781.5526315789474), (2071.323529411765, 942.8235294117648), (2208.3809523809523, 881.1428571428571), (2290.9375, 1656.3125), (2348.0, 1797.35), (2303.8125, 1803.9375), (2644.1, 1752.3), (2242.56, 1050.4), (2679.0, 582.15), (2406.85, 875.5), (2446.3684210526317, 929.8421052631579), (2290.9375, 1017.0625), (2271.5, 848.6875), (2304.0, 994.7142857142857), (2181.7391304347825, 1158.304347826087), (2435.0666666666666, 1744.8), (2395.8846153846152, 1119.0), (2222.5, 1073.5), (2234.1666666666665, 1095.6666666666667), (2321.6, 1087.2), (2503.8, 1551.2), (2638.7727272727275, 1620.090909090909), (2719.5, 1645.4375), (2353.3888888888887, 1369.6666666666667), (2242.5454545454545, 1103.8181818181818), (2275.285714285714, 1192.142857142857), (2300.222222222222, 1254.111111111111), (2314.6923076923076, 1343.4615384615386), (2248.294117647059, 1308.3529411764705), (2716.846153846154, 1327.076923076923), (2449.9444444444443, 1305.638888888889), (2488.315789473684, 1249.7368421052631), (2628.925925925926, 1301.3333333333333), (2353.8, 1409.2666666666667), (2486.2608695652175, 1452.608695652174), (2557.15, 1614.05), (2727.5, 1644.875), (2664.222222222222, 1418.0), (2788.125, 785.125), (2728.157894736842, 1432.3157894736842), (2685.4444444444443, 1493.111111111111), (2698.3888888888887, 1456.388888888889), (2792.0, 1599.2), (2784.1666666666665, 1649.0), (2417.2727272727275, 1472.4545454545455), (2449.1176470588234, 1536.5882352941176), (2583.4, 1569.6), (2466.5, 1485.25), (2386.7, 1395.1)]"
4,0075.jpg,"[(793.5428571428571, 358.4), (259.125, 567.0625), (1304.5, 627.3125), (790.2352941176471, 492.88235294117646), (185.3, 1770.45), (115.61904761904762, 1402.952380952381), (541.8666666666667, 886.0666666666667), (1044.45, 480.3), (410.0416666666667, 1407.3333333333333), (108.0625, 1615.625), (442.1875, 315.4375), (853.6538461538462, 1495.5384615384614), (1646.857142857143, 1604.5714285714287), (982.1818181818181, 1492.7727272727273), (1506.0, 267.5), (537.1739130434783, 683.6086956521739), (600.0454545454545, 1645.4545454545455), (428.45, 967.55), (562.2, 1778.7333333333333), (1449.8620689655172, 1656.4137931034484), (732.5, 713.6), (491.89285714285717, 522.5), (576.9375, 1316.0), (1192.4545454545455, 1827.8181818181818), (232.61904761904762, 441.6190476190476), (1126.5, 1123.3), (302.5217391304348, 1239.9130434782608), (580.9130434782609, 1147.1739130434783), (572.8666666666667, 305.0), (131.41666666666666, 1060.8333333333333), (332.8125, 1706.5625), (927.2333333333333, 659.0333333333333), (470.45454545454544, 1323.5454545454545), (357.5625, 1148.125), (285.35714285714283, 1157.0714285714287), (473.25, 1708.5), (274.8666666666667, 1051.8666666666666), (450.7307692307692, 1243.1153846153845), (2522.125, 1845.125), (494.3076923076923, 469.6923076923077), (7.857142857142857, 1599.142857142857), (5.5, 1061.1666666666667), (1227.8181818181818, 916.5), (1330.3157894736842, 811.7368421052631), (1440.475, 1211.6625), (1246.6, 1415.2), (1431.5833333333333, 1492.65), (1624.2222222222222, 900.4444444444445), (1759.8636363636363, 1684.4545454545455), (2371.0, 38.54545454545455), (2253.8636363636365, 290.8181818181818), (2400.7708333333335, 600.8958333333334), (2713.1470588235293, 1751.2941176470588), (2757.75, 1832.35), (2666.2820512820513, 1547.3076923076924), (2483.3150684931506, 1295.849315068493), (1977.7878787878788, 1838.4545454545455), (2144.301886792453, 1711.5283018867924), (1901.0217391304348, 391.0869565217391), (1916.9423076923076, 575.7115384615385), (1930.8, 765.225), (1882.3552631578948, 1125.9868421052631), (160.3939393939394, 886.6060606060606)]"
5,0132.jpg,"[(1912.6363636363637, 350.6363636363636), (852.4166666666666, 203.25), (2351.0833333333335, 273.5833333333333), (1912.1666666666667, 258.94444444444446), (580.5454545454545, 39.72727272727273), (496.55555555555554, 211.55555555555554), (2731.45, 667.85), (2771.222222222222, 900.2222222222222), (2164.4166666666665, 1033.0833333333333), (2314.5, 818.0), (964.5, 552.9166666666666), (2598.5454545454545, 164.72727272727272), (65.66666666666667, 72.83333333333333), (375.0, 19.75), (300.5833333333333, 265.8333333333333), (183.32, 397.44), (60.6530612244898, 243.10204081632654), (217.83333333333334, 440.0), (93.28571428571429, 364.0), (1079.611111111111, 983.2777777777778), (548.0769230769231, 1046.7692307692307), (732.9655172413793, 895.4827586206897), (766.6842105263158, 718.421052631579), (445.75, 562.125), (525.59375, 565.71875), (547.0645161290323, 292.0), (422.76, 433.16), (508.53125, 482.25), (662.28125, 450.5625), (507.45, 385.0), (319.0, 352.6666666666667), (320.8181818181818, 422.8181818181818), (1502.4186046511627, 951.046511627907), (1530.764705882353, 327.2352941176471), (1526.0, 110.2258064516129), (1674.054054054054, 925.2162162162163), (1821.4464285714287, 991.1964285714286), (1792.6637168141592, 534.9026548672566), (230.77777777777777, 377.6666666666667), (770.8387096774194, 380.8709677419355), (874.1777777777778, 467.4), (1212.4705882352941, 462.5), (1068.8157894736842, 316.1578947368421), (773.7857142857143, 8.857142857142858), (856.6428571428571, 13.928571428571429), (947.1428571428571, 11.0), (1055.764705882353, 722.0), (2093.3142857142857, 452.0285714285714), (2180.439024390244, 542.439024390244), (2251.529411764706, 651.843137254902), (2387.625, 562.96875), (2487.9583333333335, 751.7708333333334), (2199.8596491228072, 886.3684210526316), (2620.6769230769232, 473.0615384615385)]"
6,0274.jpg,"[(86.2, 1745.3), (82.45454545454545, 1375.3636363636363), (390.3333333333333, 1335.7777777777778), (330.77777777777777, 1479.2222222222222), (446.6666666666667, 1642.5555555555557), (89.25, 982.875), (297.6875, 1016.8125), (464.90909090909093, 1078.3636363636363), (331.2857142857143, 1220.142857142857), (596.0666666666667, 1010.6666666666666), (453.8, 830.4666666666667), (323.1, 710.1), (177.66666666666666, 559.0833333333334), (418.5, 547.625), (597.1538461538462, 1494.923076923077), (886.0909090909091, 1764.2727272727273), (900.0769230769231, 1681.076923076923), (908.7272727272727, 1456.8181818181818), (695.15, 1310.55), (931.6666666666666, 1298.0833333333333), (573.0, 1090.3333333333333), (588.4, 1124.1), (610.4, 898.4), (616.7142857142857, 682.4285714285714), (584.625, 561.9166666666666), (635.1578947368421, 360.10526315789474), (767.5238095238095, 567.6190476190476), (848.9166666666666, 624.0), (847.6, 863.2), (741.4444444444445, 956.5555555555555), (962.1818181818181, 165.0), (1003.0, 456.7105263157895), (965.2380952380952, 831.4285714285714), (866.1428571428571, 992.0), (1020.0967741935484, 1062.8709677419354), (1200.4666666666667, 1649.2), (1435.5833333333333, 1734.1666666666667), (1453.2727272727273, 1345.2727272727273), (1118.1818181818182, 1137.909090909091), (1217.8823529411766, 901.4117647058823), (1312.6, 1013.2), (1216.4545454545455, 1034.909090909091), (1464.2666666666667, 1049.4666666666667), (1444.6363636363637, 1142.2727272727273), (1568.5625, 1131.0625), (1111.5625, 595.5625), (1253.9259259259259, 454.44444444444446), (1428.4054054054054, 608.8108108108108), (1687.4705882352941, 1663.8823529411766), (1617.75, 1425.3333333333333), (1664.0, 1200.6666666666667), (1777.6153846153845, 1432.0), (1830.3333333333333, 1005.75), (1658.5294117647059, 786.6470588235294), (1695.25, 638.35), (1674.1818181818182, 28.636363636363637), (1989.2222222222222, 1603.7777777777778), (1831.6363636363637, 1668.3636363636363), (2131.785714285714, 1833.2142857142858), (2284.214285714286, 1566.2857142857142), (2554.5333333333333, 1809.0666666666666), (2511.7619047619046, 1476.2857142857142), (2326.9285714285716, 1350.4285714285713), (2657.8333333333335, 1382.5), (2724.923076923077, 1329.0), (2600.8, 1250.8666666666666), (2556.0714285714284, 1132.7857142857142), (2299.285714285714, 989.2857142857143), (2716.9333333333334, 1006.5333333333333), (2725.4, 815.0666666666667), (2199.6470588235293, 722.8823529411765), (2108.2916666666665, 678.375), (2070.7283950617284, 366.18518518518516), (2777.0, 280.125), (2724.769230769231, 53.61538461538461), (2518.1666666666665, 9.0), (1874.7142857142858, 1172.0), (382.6666666666667, 1035.5833333333333), (632.3333333333334, 534.5833333333334), (1052.6666666666667, 821.9333333333333), (920.5384615384615, 922.0769230769231), (1319.5555555555557, 1017.4444444444445), (1578.111111111111, 1140.6666666666667), (2518.4, 101.6), (2592.0, 397.6), (2628.2, 723.2), (2643.6, 1189.9)]"
7,0457.jpg,"[(187.11111111111111, 410.77777777777777), (278.8666666666667, 678.8666666666667), (365.3125, 1152.3125), (413.5, 1121.2857142857142), (185.625, 1468.75), (212.75, 1351.9), (456.1190476190476, 1313.904761904762), (509.1666666666667, 725.8333333333334), (355.7894736842105, 55.36842105263158), (448.72222222222223, 164.88888888888889), (561.4, 355.88), (176.60714285714286, 1794.607142857143), (725.8125, 28.25), (818.9333333333333, 156.3), (833.6666666666666, 309.8888888888889), (744.0416666666666, 720.7916666666666), (663.85, 898.75), (654.9565217391304, 1006.4782608695652), (799.3103448275862, 1267.2068965517242), (919.3333333333334, 1776.857142857143), (966.0588235294117, 1541.4117647058824), (1098.4166666666667, 1540.9166666666667), (949.8666666666667, 731.8666666666667), (1117.8260869565217, 668.7826086956521), (1188.4375, 408.0625), (1157.8275862068965, 57.44827586206897), (1097.157894736842, 1063.6842105263158), (1433.68, 1328.6), (1105.3333333333333, 906.9333333333333), (1278.3846153846155, 911.6153846153846), (1355.2222222222222, 998.8888888888889), (1483.9259259259259, 827.5185185185185), (1355.3666666666666, 834.4), (1363.3478260869565, 532.4782608695652), (1371.2592592592594, 291.48148148148147), (1448.2222222222222, 13.88888888888889), (1524.1, 13.1), (1506.1, 210.05), (1579.1818181818182, 356.3181818181818), (1606.7142857142858, 1418.4285714285713), (1626.037037037037, 1316.5925925925926), (1606.1538461538462, 1068.8076923076924), (1676.8857142857144, 927.1714285714286), (1605.842105263158, 737.7368421052631), (1609.15, 579.8), (1670.3636363636363, 259.09090909090907), (1656.6363636363637, 43.95454545454545), (1887.0, 1659.85), (2035.25, 1785.6), (2080.318181818182, 1622.8181818181818), (1998.7692307692307, 1372.3846153846155), (2142.3333333333335, 1257.388888888889), (2082.3571428571427, 1063.7857142857142), (2139.923076923077, 865.4615384615385), (2101.8709677419356, 665.5806451612904), (1933.0, 163.45), (1940.6666666666667, 5.666666666666667), (2149.6666666666665, 47.55555555555556), (2155.0, 189.1764705882353), (1884.0344827586207, 984.0689655172414), (2220.6153846153848, 1331.2307692307693), (2395.181818181818, 1828.3636363636363), (2522.735294117647, 1700.4705882352941), (2425.0625, 1534.4375), (2367.3055555555557, 1358.5277777777778), (2341.4210526315787, 1205.3684210526317), (2378.7741935483873, 1086.6451612903227), (2584.32, 1350.36), (2653.1428571428573, 1235.142857142857), (2779.230769230769, 1169.3076923076924), (2770.75, 936.125), (2608.304347826087, 612.2608695652174), (2748.5, 502.9375), (2505.4857142857145, 319.0857142857143), (2300.92, 235.28), (2555.3333333333335, 24.0), (815.0714285714286, 374.5), (1118.3636363636363, 342.09090909090907), (1006.0909090909091, 1538.0454545454545), (1362.25, 1684.5), (1625.3076923076924, 1734.1538461538462), (2539.375, 953.25), (2537.625, 620.125)]"
8,0502.jpg,"[(106.88888888888889, 439.6111111111111), (107.0909090909091, 519.0909090909091), (265.2142857142857, 489.7142857142857), (223.28571428571428, 446.7142857142857), (27.428571428571427, 583.2857142857143), (8.083333333333334, 620.0), (126.85714285714286, 687.0), (78.5, 881.125), (45.125, 933.3125), (96.08333333333333, 1078.25), (39.05, 1047.25), (16.4, 1244.4), (171.53846153846155, 1719.4615384615386), (181.6, 1858.0), (344.46153846153845, 1528.1538461538462), (237.84615384615384, 1404.0), (208.6, 1306.8), (303.8181818181818, 1190.3636363636363), (231.93333333333334, 1094.4), (295.92857142857144, 940.5714285714286), (361.8181818181818, 688.7272727272727), (345.8333333333333, 595.9444444444445), (355.625, 425.25), (280.75, 381.125), (505.3529411764706, 319.47058823529414), (517.0, 489.38461538461536), (572.0, 583.0588235294117), (367.14285714285717, 724.7142857142857), (505.3333333333333, 860.8666666666667), (385.7142857142857, 953.2857142857143), (375.76190476190476, 1148.4285714285713), (454.3333333333333, 1804.4166666666667), (462.2, 1766.2), (498.5, 1649.375), (500.0833333333333, 1032.6666666666667), (639.3333333333334, 342.6666666666667), (755.85, 603.4), (756.625, 782.625), (746.8, 907.8), (639.25, 1288.0833333333333), (652.3333333333334, 1459.9166666666667), (613.9090909090909, 1637.090909090909), (707.5, 1166.2142857142858), (721.4444444444445, 1212.9444444444443), (469.92857142857144, 1345.857142857143), (867.1363636363636, 1360.9545454545455), (656.0, 664.1538461538462), (921.1666666666666, 293.75), (926.6153846153846, 396.6923076923077), (1079.4444444444443, 1771.388888888889), (957.5, 968.7142857142857), (1057.7272727272727, 843.8181818181819), (1150.3636363636363, 703.9090909090909), (954.75, 468.9375), (1095.9444444444443, 343.6666666666667), (1176.0333333333333, 370.96666666666664), (1007.0625, 172.125), (1108.4, 361.6666666666667), (1244.4666666666667, 65.06666666666666), (1580.575, 280.075), (1467.8181818181818, 36.63636363636363), (1577.842105263158, 573.6315789473684), (1659.1851851851852, 854.3333333333334), (1785.2631578947369, 1207.1052631578948), (1719.0416666666667, 1053.4166666666667), (2479.846153846154, 104.46153846153847), (2558.1363636363635, 472.5), (2685.56, 880.68), (2148.0, 685.55), (2751.1666666666665, 1643.4166666666667), (2783.6, 1403.6), (2224.1666666666665, 1798.8333333333333), (435.27272727272725, 1792.4545454545455)]"
9,0518.jpg,"[(59.916666666666664, 102.66666666666667), (276.625, 260.5), (47.6, 574.3), (366.0, 696.0), (36.22222222222222, 874.4444444444445), (286.962962962963, 1286.5925925925926), (688.1111111111111, 1668.111111111111), (828.0, 1779.076923076923), (328.1818181818182, 1847.2727272727273), (613.1875, 750.875), (629.8888888888889, 422.1666666666667), (1203.6666666666667, 1395.952380952381), (1233.75, 995.4166666666666), (1023.375, 881.3333333333334), (1170.5, 573.2), (1379.642857142857, 1669.5714285714287), (1635.0625, 1575.375), (1775.5555555555557, 1780.0), (1703.0, 1841.4444444444443), (1665.6153846153845, 1308.0), (1755.0588235294117, 1305.5882352941176), (1412.111111111111, 1292.5), (1406.7142857142858, 1031.2142857142858), (1542.0833333333333, 814.1666666666666), (1545.142857142857, 718.2857142857143), (1652.857142857143, 475.42857142857144), (1846.7, 543.15), (1816.1666666666667, 846.3333333333334), (1810.625, 1484.125), (2069.9411764705883, 664.9411764705883), (2055.6875, 845.9375), (1991.8235294117646, 1215.8823529411766), (1986.3333333333333, 1305.4444444444443), (2044.6, 1382.8), (2097.846153846154, 1790.2307692307693), (2328.7, 1567.5), (2336.7, 1306.7), (2227.52, 1187.16), (2197.9333333333334, 829.6), (2325.4615384615386, 594.7692307692307), (2383.153846153846, 738.5384615384615), (2435.133333333333, 866.7333333333333), (2637.8333333333335, 666.3333333333334), (2557.125, 1570.375), (2412.0555555555557, 1472.6666666666667), (2446.0714285714284, 1439.142857142857), (2718.2272727272725, 1440.8636363636363), (2536.923076923077, 1223.076923076923), (2749.846153846154, 1306.076923076923), (2095.4545454545455, 1757.8181818181818), (2754.1666666666665, 1190.3333333333333)]"
10,0530.jpg,"[(21.11111111111111, 377.8888888888889), (105.66666666666667, 401.8888888888889), (42.5, 705.5625), (144.16666666666666, 997.875), (248.83333333333334, 926.4166666666666), (43.421052631578945, 1276.5263157894738), (50.61904761904762, 1370.4761904761904), (134.1, 1598.35), (541.25, 1692.4375), (554.6666666666666, 1544.6), (593.625, 1426.0833333333333), (633.4, 962.4), (416.4, 414.06666666666666), (416.10714285714283, 313.7857142857143), (522.3076923076923, 508.46153846153845), (617.3846153846154, 1808.923076923077), (946.5, 1701.5714285714287), (989.1111111111111, 1446.0), (1057.7333333333333, 1267.6), (769.4411764705883, 286.5882352941176), (998.9375, 445.9375), (997.0769230769231, 746.9230769230769), (920.1666666666666, 1192.0833333333333), (1008.7391304347826, 1172.3478260869565), (1307.1, 363.85), (1102.8076923076924, 645.8461538461538), (1158.8095238095239, 609.9047619047619), (1127.642857142857, 1582.9285714285713), (1339.5384615384614, 1620.3076923076924), (1351.5714285714287, 1675.2857142857142), (1378.1818181818182, 1772.0), (1465.0, 1697.0), (1522.8333333333333, 1626.9166666666667), (1228.0625, 1387.0), (1344.5882352941176, 1318.764705882353), (1339.1818181818182, 773.1818181818181), (1626.5333333333333, 1701.5333333333333), (1792.7333333333333, 1537.0666666666666), (1955.5555555555557, 1688.0), (1983.5714285714287, 1672.5714285714287), (2128.6, 1599.8), (1946.7142857142858, 1193.5357142857142), (1524.2222222222222, 1157.3333333333333), (1578.4516129032259, 1263.4193548387098), (1987.7777777777778, 919.2777777777778), (1583.516129032258, 639.4193548387096), (1637.7142857142858, 472.5357142857143), (1769.5, 270.4), (1780.3, 300.2), (1858.5, 258.0833333333333), (2150.1666666666665, 364.0), (2121.6111111111113, 287.44444444444446), (1957.8333333333333, 171.25), (1975.5, 190.21428571428572), (1961.409090909091, 72.9090909090909), (2120.285714285714, 1320.5714285714287), (642.8095238095239, 939.4761904761905), (1960.2, 1653.0), (1816.5, 240.75), (2088.529411764706, 1614.1764705882354)]"
11,0647.jpg,"[(4.4, 501.0), (383.3157894736842, 1160.421052631579), (309.3666666666667, 1340.9333333333334), (483.57142857142856, 1427.2142857142858), (80.31428571428572, 1553.142857142857), (352.75, 1558.0), (458.0, 1581.7777777777778), (513.4444444444445, 1510.0), (617.8421052631579, 1283.3684210526317), (709.3333333333334, 1537.111111111111), (884.1818181818181, 1554.3636363636363), (976.0833333333334, 1212.4166666666667), (686.0666666666667, 756.0333333333333), (614.9, 825.8), (991.75, 824.65), (1087.7241379310344, 1083.655172413793), (1077.421052631579, 1357.7368421052631), (1272.0, 1262.0), (1333.6666666666667, 1287.9166666666667), (1246.2307692307693, 1306.6923076923076), (1341.6923076923076, 1006.2307692307693), (1359.3548387096773, 485.80645161290323), (1508.3947368421052, 369.2894736842105), (1712.5416666666667, 236.20833333333334), (1557.3181818181818, 1063.6363636363637), (1614.9285714285713, 1330.2857142857142), (1671.4166666666667, 1468.5833333333333), (1738.8055555555557, 1131.2777777777778), (1799.2666666666667, 1004.8), (1837.7142857142858, 1496.5714285714287), (1882.4444444444443, 1454.5555555555557), (1892.2142857142858, 1430.2857142857142), (1972.2222222222222, 1371.5555555555557), (2003.5555555555557, 1356.888888888889), (2031.888888888889, 1354.111111111111), (1901.125, 1159.25), (2044.0588235294117, 919.7058823529412), (2100.9583333333335, 665.0833333333334), (2275.6875, 147.0625), (2644.28, 195.72), (2553.0, 480.8333333333333), (2016.625, 1112.25), (2093.3125, 1127.125), (2144.0, 1041.5294117647059), (2062.5555555555557, 1253.6666666666667), (2119.3809523809523, 1205.7142857142858), (2107.5333333333333, 1273.7333333333333), (2245.6666666666665, 1165.8333333333333), (2282.230769230769, 1126.5384615384614), (2303.7368421052633, 1056.9473684210527), (2280.8333333333335, 852.6666666666666), (2370.6875, 917.875), (2615.5384615384614, 693.1538461538462), (2524.9375, 866.625), (2598.285714285714, 863.4285714285714), (2467.0, 920.8181818181819), (2653.4583333333335, 728.6666666666666), (2729.8571428571427, 577.4285714285714), (2756.235294117647, 631.7647058823529), (852.7142857142857, 640.3571428571429), (1030.75, 906.875), (1294.7, 1290.9), (2573.6666666666665, 658.5833333333334), (2041.5, 1108.857142857143)]"
12,0689.jpg,"[(105.25, 323.375), (83.82352941176471, 544.7647058823529), (196.31578947368422, 549.578947368421), (300.9130434782609, 394.0869565217391), (79.78947368421052, 645.1052631578947), (38.15384615384615, 964.2307692307693), (183.04347826086956, 1269.7391304347825), (27.0, 1435.2), (162.44444444444446, 1714.0), (22.0, 1815.857142857143), (332.0, 1857.4), (376.125, 1644.75), (468.30434782608694, 1632.0869565217392), (603.3333333333334, 1662.0), (635.0, 1483.5), (340.25, 1340.25), (421.6363636363636, 1266.5454545454545), (501.8125, 1120.375), (448.6666666666667, 715.3333333333334), (522.2777777777778, 646.6666666666666), (611.0526315789474, 462.36842105263156), (512.7142857142857, 278.14285714285717), (591.6, 799.8), (605.6666666666666, 919.6666666666666), (639.3684210526316, 1126.3157894736842), (659.9090909090909, 1405.909090909091), (647.0, 1332.6), (814.5625, 1408.5625), (773.4666666666667, 1547.6), (825.9333333333333, 1500.3333333333333), (783.1481481481482, 1751.4814814814815), (729.2, 1765.6), (713.5294117647059, 338.05882352941177), (767.8571428571429, 507.57142857142856), (918.425, 370.75), (768.5882352941177, 1010.2352941176471), (1034.3, 1719.7333333333333), (887.5, 1334.142857142857), (821.0625, 845.1875), (934.3636363636364, 722.1818181818181), (900.3571428571429, 638.8571428571429), (974.8333333333334, 471.1666666666667), (1100.7777777777778, 1206.888888888889), (1019.5, 1422.0625), (1023.0, 1340.9), (1040.0, 431.1875), (1115.8461538461538, 624.8846153846154), (1150.4, 422.5), (1338.8, 252.4), (1415.4166666666667, 440.2083333333333), (1381.0666666666666, 581.1333333333333), (1172.625, 986.625), (1318.4545454545455, 1128.909090909091), (1187.7, 1119.2), (1166.8666666666666, 778.4), (1241.7037037037037, 917.8888888888889), (1244.4761904761904, 1425.6666666666667), (1327.3809523809523, 1560.5714285714287), (1360.3333333333333, 1839.9166666666667), (1524.2, 1830.6), (1614.0, 1546.9333333333334), (1606.5, 1402.5), (1447.0, 1261.9117647058824), (1225.4545454545455, 542.3636363636364), (1375.3214285714287, 726.5357142857143), (1573.0, 696.95), (1686.9166666666667, 663.5833333333334), (1554.875, 806.0), (1449.6153846153845, 1055.076923076923), (2210.5714285714284, 275.2857142857143), (2062.722222222222, 296.0), (2006.5416666666667, 502.7916666666667), (2268.5882352941176, 541.7647058823529), (1811.75, 492.9375), (1750.0, 766.2727272727273), (1891.0588235294117, 846.2941176470588), (2042.0, 720.0), (2192.8, 756.5333333333333), (2425.6, 731.4), (2478.1111111111113, 684.8888888888889), (2024.2, 983.8), (1661.578947368421, 1061.0526315789473), (1909.4375, 1189.6875), (2110.0, 1134.6666666666667), (2089.8846153846152, 1075.2307692307693), (2487.3548387096776, 857.7741935483871), (2643.5882352941176, 374.70588235294116), (2639.9285714285716, 882.5), (2652.4444444444443, 1043.4444444444443), (2780.5714285714284, 973.4285714285714), (1790.5714285714287, 1543.5714285714287), (1876.75, 1798.375), (2148.8333333333335, 1635.3333333333333), (2008.2857142857142, 1617.2857142857142), (1950.142857142857, 1632.857142857143), (2040.888888888889, 1415.4444444444443), (1854.357142857143, 1480.2142857142858), (1797.625, 1330.0), (1603.6521739130435, 1190.0), (2216.1428571428573, 1318.142857142857), (2188.1, 1483.4), (2301.4, 1543.8), (2335.5, 1453.8333333333333), (2354.6, 1544.4), (2576.3333333333335, 1337.6666666666667), (2357.1428571428573, 1190.7142857142858), (2285.5384615384614, 1309.7692307692307), (2514.8333333333335, 1248.5), (2582.8571428571427, 1131.7142857142858), (2535.3, 1535.9), (2689.0, 1561.0), (2728.714285714286, 1135.4285714285713), (2787.3333333333335, 1454.5), (2680.8571428571427, 1224.7142857142858), (893.1428571428571, 978.4285714285714), (194.3, 889.7), (401.2307692307692, 959.3076923076923), (2155.681818181818, 1313.0), (2158.448275862069, 1214.6206896551723), (2128.6470588235293, 1298.764705882353), (2235.0833333333335, 566.3333333333334), (1610.65, 771.25), (1065.55, 548.45), (2700.3333333333335, 1004.8333333333334)]"
13,0917.jpg,"[(62.07692307692308, 1218.3846153846155), (81.14285714285714, 1314.5), (351.0, 1505.6666666666667), (354.6666666666667, 1636.3333333333333), (347.25, 1804.25), (417.55555555555554, 1720.0555555555557), (518.2307692307693, 1805.4615384615386), (492.25, 1724.5), (597.5, 1739.8), (656.1666666666666, 1774.75), (640.5882352941177, 1277.5882352941176), (354.3333333333333, 1085.6363636363637), (685.2758620689655, 933.6896551724138), (853.5652173913044, 1401.9130434782608), (727.4117647058823, 1758.6470588235295), (732.9411764705883, 1810.4705882352941), (905.3846153846154, 473.3076923076923), (919.0294117647059, 724.8529411764706), (1060.625, 899.4375), (1201.5294117647059, 881.2352941176471), (944.0666666666667, 1719.8666666666666), (882.8666666666667, 1826.2666666666667), (1016.8888888888889, 1847.0), (1262.125, 1840.3125), (1064.5882352941176, 1544.4117647058824), (1103.421052631579, 506.4736842105263), (1058.0714285714287, 474.64285714285717), (1204.0, 591.7777777777778), (1178.8333333333333, 702.1111111111111), (1448.642857142857, 858.1428571428571), (1410.0, 684.9285714285714), (1440.4117647058824, 454.8529411764706), (1507.8, 602.32), (1499.5925925925926, 1236.2222222222222), (1392.107142857143, 1715.4642857142858), (1556.6666666666667, 1831.611111111111), (1547.157894736842, 1588.2105263157894), (1833.611111111111, 1671.8333333333333), (1763.904761904762, 883.7142857142857), (1958.547619047619, 1821.5714285714287), (1939.8666666666666, 1419.0), (1929.888888888889, 467.48148148148147), (2039.5384615384614, 998.8076923076923), (1998.2857142857142, 1575.4285714285713), (2064.5238095238096, 1571.2857142857142), (2189.409090909091, 1639.2727272727273), (2200.3636363636365, 1436.8636363636363), (2165.266666666667, 581.9), (2130.304347826087, 1245.5652173913043), (2201.125, 1277.2083333333333), (2311.090909090909, 1172.6363636363637), (2255.6, 1797.2), (2412.375, 1768.8125), (2536.76, 1680.7066666666667), (2504.0, 1578.3636363636363), (2492.3333333333335, 1488.2666666666667), (2389.951219512195, 1389.5365853658536), (2277.0, 1467.75), (2347.7, 1242.8), (2465.061224489796, 1245.5714285714287), (2791.75, 1801.25), (2770.5, 1683.9166666666667), (2715.5384615384614, 1368.6923076923076), (2744.5555555555557, 1307.3333333333333), (2788.1666666666665, 1324.3333333333333), (2590.7391304347825, 1065.4347826086957), (2639.5833333333335, 980.6666666666666), (2753.5714285714284, 955.3571428571429), (2332.157894736842, 925.6842105263158), (2361.2105263157896, 874.1578947368421), (2444.3783783783783, 826.1891891891892), (2627.6923076923076, 854.3076923076923), (2585.7391304347825, 759.1739130434783), (2719.2631578947367, 656.5263157894736), (2652.0, 473.8), (2757.6923076923076, 541.8461538461538), (2778.5454545454545, 516.2727272727273), (2365.235294117647, 976.3529411764706), (2098.1666666666665, 1860.0), (807.75, 1402.875), (786.4444444444445, 1732.5555555555557), (2237.3333333333335, 1320.25), (2499.909090909091, 805.8181818181819), (2659.3333333333335, 1026.8333333333333), (2732.0, 1365.0)]"
14,1037.jpg,"[(269.04347826086956, 556.3478260869565), (86.66666666666667, 1176.1666666666667), (198.375, 1173.375), (424.1818181818182, 1220.6363636363637), (207.1904761904762, 1103.857142857143), (226.27272727272728, 863.6363636363636), (113.04545454545455, 769.9545454545455), (362.4761904761905, 950.0), (330.0, 1269.7), (15.25, 1261.75), (436.9230769230769, 1307.3076923076924), (483.8666666666667, 1327.1333333333334), (551.2352941176471, 1274.5882352941176), (513.5, 1366.1), (420.2307692307692, 1389.6153846153845), (672.375, 1304.125), (770.125, 1218.875), (696.5833333333334, 1037.7916666666667), (682.75, 805.7), (775.6111111111111, 505.0), (902.0, 7.0), (1006.1818181818181, 300.22727272727275), (1018.4, 833.55), (971.3333333333334, 1095.0), (945.8571428571429, 1357.142857142857), (1094.85, 1413.1), (1357.2413793103449, 273.82758620689657), (1351.6666666666667, 1859.8333333333333), (1499.0, 1757.2), (1646.3846153846155, 1730.076923076923), (1577.25, 1590.625), (1649.0555555555557, 1491.5), (1778.4736842105262, 1495.5263157894738), (1912.125, 1331.1875), (1832.9333333333334, 1147.6666666666667), (1451.4705882352941, 1344.8235294117646), (1515.0, 1154.5), (1514.0, 1040.357142857143), (1797.2666666666667, 1048.9333333333334), (1684.5882352941176, 1307.4117647058824), (1660.235294117647, 819.1176470588235), (1654.875, 700.5), (1504.0, 378.0), (1690.9444444444443, 227.05555555555554), (1619.5, 4.75), (1693.642857142857, 41.0), (1793.5, 78.5), (2002.391304347826, 241.34782608695653), (1784.3684210526317, 1385.421052631579), (1787.15, 1266.75), (1968.909090909091, 1650.1818181818182), (2170.5454545454545, 1598.8181818181818), (2146.4, 1838.8), (2002.1, 1248.6), (2063.25, 1045.9166666666667), (2064.8333333333335, 1344.5555555555557), (2122.5714285714284, 1426.7857142857142), (2266.8, 1303.4), (2191.2, 1152.2666666666667), (1873.391304347826, 822.3478260869565), (1799.5833333333333, 634.1666666666666), (1967.578947368421, 595.1052631578947), (2143.5238095238096, 664.0), (2065.3571428571427, 844.0714285714286), (2121.3636363636365, 853.7272727272727), (1985.1764705882354, 753.4705882352941), (2078.4166666666665, 168.91666666666666), (2146.7368421052633, 279.0), (2431.0, 1761.3333333333333), (2672.4736842105262, 1733.421052631579), (2567.9375, 1708.59375), (2581.7, 1156.8), (2736.75, 1315.0), (2608.6521739130435, 981.9565217391304), (2341.5333333333333, 523.8), (2408.3125, 658.375), (2448.2105263157896, 518.3684210526316), (2480.4285714285716, 324.95238095238096), (2636.4545454545455, 817.2727272727273), (2487.4210526315787, 230.52631578947367), (2501.2380952380954, 44.285714285714285), (1799.4444444444443, 482.3333333333333), (2675.6363636363635, 142.9090909090909), (608.4545454545455, 1229.1818181818182)]"
